{
  "eye": {
    "orientation": [
      -0.892756998538971,
      0.35051053762435913,
      0.11980016529560089,
      0.2564671039581299
    ],
    "magnitude": 1,
    "position": [
      197.3558349609375,
      297.9081726074219,
      483.6666259765625
    ]
  },
  "radius": 793.2212524414062,
  "type": "PERSPECTIVE"
}