{
  "eye": {
    "orientation": [
      0.1776707023382187,
      -0.365856796503067,
      -0.039593689143657684,
      0.9126961827278137
    ],
    "magnitude": 0.38504651188850403,
    "position": [
      -441.8206787109375,
      -110.59039306640625,
      1360.659912109375
    ]
  },
  "radius": 793.2212524414062,
  "type": "PERSPECTIVE"
}